Step,AdamW_weight_decay_0.0001 - nuc_by_fro_norm_value/avg,AdamW_weight_decay_0.0001 - nuc_by_fro_norm_value/avg__MIN,AdamW_weight_decay_0.0001 - nuc_by_fro_norm_value/avg__MAX,AdamW_weight_decay_0.0005 - nuc_by_fro_norm_value/avg,AdamW_weight_decay_0.0005 - nuc_by_fro_norm_value/avg__MIN,AdamW_weight_decay_0.0005 - nuc_by_fro_norm_value/avg__MAX,AdamW_weight_decay_0.001 - nuc_by_fro_norm_value/avg,AdamW_weight_decay_0.001 - nuc_by_fro_norm_value/avg__MIN,AdamW_weight_decay_0.001 - nuc_by_fro_norm_value/avg__MAX,AdamW_weight_decay_0.005 - nuc_by_fro_norm_value/avg,AdamW_weight_decay_0.005 - nuc_by_fro_norm_value/avg__MIN,AdamW_weight_decay_0.005 - nuc_by_fro_norm_value/avg__MAX,AdamW_weight_decay_0.01 - nuc_by_fro_norm_value/avg,AdamW_weight_decay_0.01 - nuc_by_fro_norm_value/avg__MIN,AdamW_weight_decay_0.01 - nuc_by_fro_norm_value/avg__MAX,AdamW_weight_decay_0.05 - nuc_by_fro_norm_value/avg,AdamW_weight_decay_0.05 - nuc_by_fro_norm_value/avg__MIN,AdamW_weight_decay_0.05 - nuc_by_fro_norm_value/avg__MAX,AdamW_weight_decay_0.1 - nuc_by_fro_norm_value/avg,AdamW_weight_decay_0.1 - nuc_by_fro_norm_value/avg__MIN,AdamW_weight_decay_0.1 - nuc_by_fro_norm_value/avg__MAX,AdamW_weight_decay_0.5 - nuc_by_fro_norm_value/avg,AdamW_weight_decay_0.5 - nuc_by_fro_norm_value/avg__MIN,AdamW_weight_decay_0.5 - nuc_by_fro_norm_value/avg__MAX
1,3.8870248794555700,3.8870248794555700,3.8870248794555700,3.3256053924560500,3.3256053924560500,3.3256053924560500,2.823472499847410,2.823472499847410,2.823472499847410,3.054456949234010,3.054456949234010,3.054456949234010,3.0517680644989000,3.0517680644989000,3.0517680644989000,3.349747896194460,3.349747896194460,3.349747896194460,2.914332866668700,2.914332866668700,2.914332866668700,2.718000888824460,2.718000888824460,2.718000888824460
2,3.3468730449676500,3.3468730449676500,3.3468730449676500,3.108607530593870,3.108607530593870,3.108607530593870,2.624514579772950,2.624514579772950,2.624514579772950,2.73966383934021,2.73966383934021,2.73966383934021,2.703935146331790,2.703935146331790,2.703935146331790,2.8493869304657000,2.8493869304657000,2.8493869304657000,2.7491202354431200,2.7491202354431200,2.7491202354431200,2.426928758621220,2.426928758621220,2.426928758621220
3,3.042595386505130,3.042595386505130,3.042595386505130,2.936429738998410,2.936429738998410,2.936429738998410,2.4878127574920700,2.4878127574920700,2.4878127574920700,2.5278425216674800,2.5278425216674800,2.5278425216674800,2.5682241916656500,2.5682241916656500,2.5682241916656500,2.767652988433840,2.767652988433840,2.767652988433840,2.631423234939580,2.631423234939580,2.631423234939580,2.2992167472839400,2.2992167472839400,2.2992167472839400
4,3.006295919418340,3.006295919418340,3.006295919418340,2.9230990409851100,2.9230990409851100,2.9230990409851100,2.5234789848327600,2.5234789848327600,2.5234789848327600,2.5234901905059800,2.5234901905059800,2.5234901905059800,2.5145246982574500,2.5145246982574500,2.5145246982574500,2.6884777545929000,2.6884777545929000,2.6884777545929000,2.6287026405334500,2.6287026405334500,2.6287026405334500,2.068934679031370,2.068934679031370,2.068934679031370
5,2.995246648788450,2.995246648788450,2.995246648788450,2.9721527099609400,2.9721527099609400,2.9721527099609400,2.4797112941741900,2.4797112941741900,2.4797112941741900,2.528803825378420,2.528803825378420,2.528803825378420,2.516281843185430,2.516281843185430,2.516281843185430,2.713625907897950,2.713625907897950,2.713625907897950,2.6144204139709500,2.6144204139709500,2.6144204139709500,1.9878789186477700,1.9878789186477700,1.9878789186477700
6,3.0280230045318600,3.0280230045318600,3.0280230045318600,3.004917621612550,3.004917621612550,3.004917621612550,2.459796190261840,2.459796190261840,2.459796190261840,2.56622314453125,2.56622314453125,2.56622314453125,2.449110746383670,2.449110746383670,2.449110746383670,2.7264678478241000,2.7264678478241000,2.7264678478241000,2.6636857986450200,2.6636857986450200,2.6636857986450200,1.8866885900497400,1.8866885900497400,1.8866885900497400
7,3.0330982208252000,3.0330982208252000,3.0330982208252000,2.9690048694610600,2.9690048694610600,2.9690048694610600,2.428889751434330,2.428889751434330,2.428889751434330,2.5915110111236600,2.5915110111236600,2.5915110111236600,2.472681999206540,2.472681999206540,2.472681999206540,2.7476019859314000,2.7476019859314000,2.7476019859314000,2.661473512649540,2.661473512649540,2.661473512649540,1.8272572755813600,1.8272572755813600,1.8272572755813600
8,3.0080184936523400,3.0080184936523400,3.0080184936523400,2.9780044555664100,2.9780044555664100,2.9780044555664100,2.423203706741330,2.423203706741330,2.423203706741330,2.586078643798830,2.586078643798830,2.586078643798830,2.481083631515500,2.481083631515500,2.481083631515500,2.7384114265441900,2.7384114265441900,2.7384114265441900,2.7011916637420700,2.7011916637420700,2.7011916637420700,1.8142930269241300,1.8142930269241300,1.8142930269241300
9,2.9828226566314700,2.9828226566314700,2.9828226566314700,3.005667209625240,3.005667209625240,3.005667209625240,2.4064459800720200,2.4064459800720200,2.4064459800720200,2.61808180809021,2.61808180809021,2.61808180809021,2.5009963512420700,2.5009963512420700,2.5009963512420700,2.815986394882200,2.815986394882200,2.815986394882200,2.6658475399017300,2.6658475399017300,2.6658475399017300,1.7869688272476200,1.7869688272476200,1.7869688272476200
10,3.0135087966918900,3.0135087966918900,3.0135087966918900,2.9509825706481900,2.9509825706481900,2.9509825706481900,2.369199514389040,2.369199514389040,2.369199514389040,2.650672197341920,2.650672197341920,2.650672197341920,2.5000624656677200,2.5000624656677200,2.5000624656677200,2.8278186321258500,2.8278186321258500,2.8278186321258500,2.660062074661260,2.660062074661260,2.660062074661260,1.7181837558746300,1.7181837558746300,1.7181837558746300
11,3.020312547683720,3.020312547683720,3.020312547683720,2.9582839012146000,2.9582839012146000,2.9582839012146000,2.401036500930790,2.401036500930790,2.401036500930790,2.6775827407836900,2.6775827407836900,2.6775827407836900,2.540132999420170,2.540132999420170,2.540132999420170,2.8390679359436000,2.8390679359436000,2.8390679359436000,2.6563096046447800,2.6563096046447800,2.6563096046447800,1.6819183826446500,1.6819183826446500,1.6819183826446500
12,2.9903578758239700,2.9903578758239700,2.9903578758239700,2.980189085006710,2.980189085006710,2.980189085006710,2.4037959575653100,2.4037959575653100,2.4037959575653100,2.6822073459625200,2.6822073459625200,2.6822073459625200,2.5675230026245100,2.5675230026245100,2.5675230026245100,2.86891770362854,2.86891770362854,2.86891770362854,2.6508677005767800,2.6508677005767800,2.6508677005767800,1.639790415763860,1.639790415763860,1.639790415763860
13,2.986980438232420,2.986980438232420,2.986980438232420,2.9634735584259000,2.9634735584259000,2.9634735584259000,2.3991634845733600,2.3991634845733600,2.3991634845733600,2.7122817039489700,2.7122817039489700,2.7122817039489700,2.5864975452423100,2.5864975452423100,2.5864975452423100,2.89145827293396,2.89145827293396,2.89145827293396,2.655432939529420,2.655432939529420,2.655432939529420,1.5963876247406000,1.5963876247406000,1.5963876247406000
14,2.9692208766937300,2.9692208766937300,2.9692208766937300,2.951073408126830,2.951073408126830,2.951073408126830,2.424586772918700,2.424586772918700,2.424586772918700,2.720536231994630,2.720536231994630,2.720536231994630,2.6396372318267800,2.6396372318267800,2.6396372318267800,2.8747310638427700,2.8747310638427700,2.8747310638427700,2.6447947025299100,2.6447947025299100,2.6447947025299100,1.5805411338806200,1.5805411338806200,1.5805411338806200
15,2.974032163620000,2.974032163620000,2.974032163620000,2.9371542930603000,2.9371542930603000,2.9371542930603000,2.462088108062740,2.462088108062740,2.462088108062740,2.7509765625,2.7509765625,2.7509765625,2.652553081512450,2.652553081512450,2.652553081512450,2.9013373851776100,2.9013373851776100,2.9013373851776100,2.6561667919158900,2.6561667919158900,2.6561667919158900,1.546134352684020,1.546134352684020,1.546134352684020
16,2.9770755767822300,2.9770755767822300,2.9770755767822300,2.9218690395355200,2.9218690395355200,2.9218690395355200,2.492718458175660,2.492718458175660,2.492718458175660,2.7514402866363500,2.7514402866363500,2.7514402866363500,2.6689612865448,2.6689612865448,2.6689612865448,2.9234519004821800,2.9234519004821800,2.9234519004821800,2.668121576309200,2.668121576309200,2.668121576309200,1.5018242597580000,1.5018242597580000,1.5018242597580000
17,2.9975669384002700,2.9975669384002700,2.9975669384002700,2.907122850418090,2.907122850418090,2.907122850418090,2.5009496212005600,2.5009496212005600,2.5009496212005600,2.7668843269348100,2.7668843269348100,2.7668843269348100,2.682570457458500,2.682570457458500,2.682570457458500,2.9175004959106400,2.9175004959106400,2.9175004959106400,2.655933380126950,2.655933380126950,2.655933380126950,1.4781643152236900,1.4781643152236900,1.4781643152236900
18,2.9693729877471900,2.9693729877471900,2.9693729877471900,2.8904407024383500,2.8904407024383500,2.8904407024383500,2.45807147026062,2.45807147026062,2.45807147026062,2.7520670890808100,2.7520670890808100,2.7520670890808100,2.707376718521120,2.707376718521120,2.707376718521120,2.9454352855682400,2.9454352855682400,2.9454352855682400,2.6535708904266400,2.6535708904266400,2.6535708904266400,1.4622637033462500,1.4622637033462500,1.4622637033462500
19,2.9713823795318600,2.9713823795318600,2.9713823795318600,2.899005889892580,2.899005889892580,2.899005889892580,2.4665446281433100,2.4665446281433100,2.4665446281433100,2.75600528717041,2.75600528717041,2.75600528717041,2.7593579292297400,2.7593579292297400,2.7593579292297400,2.963590383529660,2.963590383529660,2.963590383529660,2.6619067192077600,2.6619067192077600,2.6619067192077600,1.4435125589370700,1.4435125589370700,1.4435125589370700
20,2.9935142993927,2.9935142993927,2.9935142993927,2.9003307819366500,2.9003307819366500,2.9003307819366500,2.496969223022460,2.496969223022460,2.496969223022460,2.785839080810550,2.785839080810550,2.785839080810550,2.773926019668580,2.773926019668580,2.773926019668580,2.9598395824432400,2.9598395824432400,2.9598395824432400,2.654726266860960,2.654726266860960,2.654726266860960,1.423877239227300,1.423877239227300,1.423877239227300
21,3.0416924953460700,3.0416924953460700,3.0416924953460700,2.9091689586639400,2.9091689586639400,2.9091689586639400,2.5144100189209000,2.5144100189209000,2.5144100189209000,2.803274393081670,2.803274393081670,2.803274393081670,2.77465558052063,2.77465558052063,2.77465558052063,2.9507033824920700,2.9507033824920700,2.9507033824920700,2.663879156112670,2.663879156112670,2.663879156112670,1.4102692604064900,1.4102692604064900,1.4102692604064900
22,3.0286595821380600,3.0286595821380600,3.0286595821380600,2.9146676063537600,2.9146676063537600,2.9146676063537600,2.516493797302250,2.516493797302250,2.516493797302250,2.8326425552368200,2.8326425552368200,2.8326425552368200,2.803941249847410,2.803941249847410,2.803941249847410,3.00846266746521,3.00846266746521,3.00846266746521,2.6307945251464800,2.6307945251464800,2.6307945251464800,1.4038690328598000,1.4038690328598000,1.4038690328598000
23,3.0614240169525100,3.0614240169525100,3.0614240169525100,2.926595449447630,2.926595449447630,2.926595449447630,2.5192604064941400,2.5192604064941400,2.5192604064941400,2.8394713401794400,2.8394713401794400,2.8394713401794400,2.8256897926330600,2.8256897926330600,2.8256897926330600,3.013855218887330,3.013855218887330,3.013855218887330,2.634045124053960,2.634045124053960,2.634045124053960,1.3894490003585800,1.3894490003585800,1.3894490003585800
24,3.039881944656370,3.039881944656370,3.039881944656370,2.9509408473968500,2.9509408473968500,2.9509408473968500,2.5255138874054000,2.5255138874054000,2.5255138874054000,2.8806827068328900,2.8806827068328900,2.8806827068328900,2.8601813316345200,2.8601813316345200,2.8601813316345200,3.005183219909670,3.005183219909670,3.005183219909670,2.653688907623290,2.653688907623290,2.653688907623290,1.3776803016662600,1.3776803016662600,1.3776803016662600
25,3.0446438789367700,3.0446438789367700,3.0446438789367700,2.960848331451420,2.960848331451420,2.960848331451420,2.536097288131710,2.536097288131710,2.536097288131710,2.866999387741090,2.866999387741090,2.866999387741090,2.8687968254089400,2.8687968254089400,2.8687968254089400,2.9854209423065200,2.9854209423065200,2.9854209423065200,2.6237897872924800,2.6237897872924800,2.6237897872924800,1.356431245803830,1.356431245803830,1.356431245803830
26,3.0597715377807600,3.0597715377807600,3.0597715377807600,2.9796440601348900,2.9796440601348900,2.9796440601348900,2.567718505859380,2.567718505859380,2.567718505859380,2.8897902965545700,2.8897902965545700,2.8897902965545700,2.869450807571410,2.869450807571410,2.869450807571410,2.9978106021881100,2.9978106021881100,2.9978106021881100,2.5818705558776900,2.5818705558776900,2.5818705558776900,1.3476990461349500,1.3476990461349500,1.3476990461349500
27,3.1031765937805200,3.1031765937805200,3.1031765937805200,3.000458240509030,3.000458240509030,3.000458240509030,2.572228193283080,2.572228193283080,2.572228193283080,2.9206464290618900,2.9206464290618900,2.9206464290618900,2.887458324432370,2.887458324432370,2.887458324432370,2.986579179763790,2.986579179763790,2.986579179763790,2.583204507827760,2.583204507827760,2.583204507827760,1.3314968347549400,1.3314968347549400,1.3314968347549400
28,3.1533751487731900,3.1533751487731900,3.1533751487731900,3.0190021991729700,3.0190021991729700,3.0190021991729700,2.573988199234010,2.573988199234010,2.573988199234010,2.955472946166990,2.955472946166990,2.955472946166990,2.864584445953370,2.864584445953370,2.864584445953370,2.9985830783844000,2.9985830783844000,2.9985830783844000,2.594078779220580,2.594078779220580,2.594078779220580,1.328834891319280,1.328834891319280,1.328834891319280
29,3.1281957626342800,3.1281957626342800,3.1281957626342800,3.030427932739260,3.030427932739260,3.030427932739260,2.5744967460632300,2.5744967460632300,2.5744967460632300,2.966732978820800,2.966732978820800,2.966732978820800,2.879002332687380,2.879002332687380,2.879002332687380,3.0197603702545200,3.0197603702545200,3.0197603702545200,2.5572478771209700,2.5572478771209700,2.5572478771209700,1.3183858394622800,1.3183858394622800,1.3183858394622800
30,3.149341583251950,3.149341583251950,3.149341583251950,3.0309128761291500,3.0309128761291500,3.0309128761291500,2.589972496032720,2.589972496032720,2.589972496032720,2.9803667068481400,2.9803667068481400,2.9803667068481400,2.8847219944000200,2.8847219944000200,2.8847219944000200,2.976179838180540,2.976179838180540,2.976179838180540,2.5657010078430200,2.5657010078430200,2.5657010078430200,1.3115679025650000,1.3115679025650000,1.3115679025650000
31,3.177661657333370,3.177661657333370,3.177661657333370,3.058812379837040,3.058812379837040,3.058812379837040,2.6087005138397200,2.6087005138397200,2.6087005138397200,2.9803802967071500,2.9803802967071500,2.9803802967071500,2.896078109741210,2.896078109741210,2.896078109741210,2.9707584381103500,2.9707584381103500,2.9707584381103500,2.5603139400482200,2.5603139400482200,2.5603139400482200,1.3032941818237300,1.3032941818237300,1.3032941818237300
32,3.1579606533050500,3.1579606533050500,3.1579606533050500,3.0923449993133500,3.0923449993133500,3.0923449993133500,2.6316683292388900,2.6316683292388900,2.6316683292388900,2.97373366355896,2.97373366355896,2.97373366355896,2.9132466316223100,2.9132466316223100,2.9132466316223100,2.9723753929138200,2.9723753929138200,2.9723753929138200,2.576941967010500,2.576941967010500,2.576941967010500,1.2940384149551400,1.2940384149551400,1.2940384149551400
33,3.1523852348327600,3.1523852348327600,3.1523852348327600,3.12514328956604,3.12514328956604,3.12514328956604,2.631744861602780,2.631744861602780,2.631744861602780,3.008939743041990,3.008939743041990,3.008939743041990,2.9322593212127700,2.9322593212127700,2.9322593212127700,2.996047258377080,2.996047258377080,2.996047258377080,2.5491857528686500,2.5491857528686500,2.5491857528686500,1.2971082925796500,1.2971082925796500,1.2971082925796500
34,3.2043709754943800,3.2043709754943800,3.2043709754943800,3.1314280033111600,3.1314280033111600,3.1314280033111600,2.6450839042663600,2.6450839042663600,2.6450839042663600,3.0102453231811500,3.0102453231811500,3.0102453231811500,2.9922008514404300,2.9922008514404300,2.9922008514404300,3.017212152481080,3.017212152481080,3.017212152481080,2.5552611351013200,2.5552611351013200,2.5552611351013200,1.2899686098098800,1.2899686098098800,1.2899686098098800
35,3.2065775394439700,3.2065775394439700,3.2065775394439700,3.1471636295318600,3.1471636295318600,3.1471636295318600,2.640672445297240,2.640672445297240,2.640672445297240,3.0370280742645300,3.0370280742645300,3.0370280742645300,3.0103416442871100,3.0103416442871100,3.0103416442871100,3.0216004848480200,3.0216004848480200,3.0216004848480200,2.554887056350710,2.554887056350710,2.554887056350710,1.283179759979250,1.283179759979250,1.283179759979250
36,3.2409327030181900,3.2409327030181900,3.2409327030181900,3.1767165660858200,3.1767165660858200,3.1767165660858200,2.6579272747039800,2.6579272747039800,2.6579272747039800,3.059396743774410,3.059396743774410,3.059396743774410,3.00632905960083,3.00632905960083,3.00632905960083,3.0287787914276100,3.0287787914276100,3.0287787914276100,2.526411771774290,2.526411771774290,2.526411771774290,1.2823282480239900,1.2823282480239900,1.2823282480239900
37,3.253690481185910,3.253690481185910,3.253690481185910,3.1572868824005100,3.1572868824005100,3.1572868824005100,2.6809141635894800,2.6809141635894800,2.6809141635894800,3.073704481124880,3.073704481124880,3.073704481124880,3.014065980911260,3.014065980911260,3.014065980911260,3.023815631866460,3.023815631866460,3.023815631866460,2.498598575592040,2.498598575592040,2.498598575592040,1.2809139490127600,1.2809139490127600,1.2809139490127600
38,3.2502901554107700,3.2502901554107700,3.2502901554107700,3.159198045730590,3.159198045730590,3.159198045730590,2.704998016357420,2.704998016357420,2.704998016357420,3.0775859355926500,3.0775859355926500,3.0775859355926500,3.032183885574340,3.032183885574340,3.032183885574340,3.01873517036438,3.01873517036438,3.01873517036438,2.5117833614349400,2.5117833614349400,2.5117833614349400,1.2814419269561800,1.2814419269561800,1.2814419269561800
39,3.2418179512023900,3.2418179512023900,3.2418179512023900,3.194927215576170,3.194927215576170,3.194927215576170,2.728800058364870,2.728800058364870,2.728800058364870,3.0759031772613500,3.0759031772613500,3.0759031772613500,3.0633952617645300,3.0633952617645300,3.0633952617645300,3.004286050796510,3.004286050796510,3.004286050796510,2.496342658996580,2.496342658996580,2.496342658996580,1.2718662023544300,1.2718662023544300,1.2718662023544300
40,3.241168737411500,3.241168737411500,3.241168737411500,3.229149103164670,3.229149103164670,3.229149103164670,2.740373373031620,2.740373373031620,2.740373373031620,3.1039724349975600,3.1039724349975600,3.1039724349975600,3.0735390186309800,3.0735390186309800,3.0735390186309800,3.0189449787139900,3.0189449787139900,3.0189449787139900,2.5065951347351100,2.5065951347351100,2.5065951347351100,1.2753150463104200,1.2753150463104200,1.2753150463104200
41,3.2697525024414100,3.2697525024414100,3.2697525024414100,3.2406718730926500,3.2406718730926500,3.2406718730926500,2.754945755004880,2.754945755004880,2.754945755004880,3.115938901901250,3.115938901901250,3.115938901901250,3.114704132080080,3.114704132080080,3.114704132080080,3.02221417427063,3.02221417427063,3.02221417427063,2.5080034732818600,2.5080034732818600,2.5080034732818600,1.2688976526260400,1.2688976526260400,1.2688976526260400
42,3.262338638305660,3.262338638305660,3.262338638305660,3.246466875076290,3.246466875076290,3.246466875076290,2.7804319858551000,2.7804319858551000,2.7804319858551000,3.1350507736206100,3.1350507736206100,3.1350507736206100,3.109447479248050,3.109447479248050,3.109447479248050,3.0303447246551500,3.0303447246551500,3.0303447246551500,2.49853515625,2.49853515625,2.49853515625,1.2604784965515100,1.2604784965515100,1.2604784965515100
43,3.252540111541750,3.252540111541750,3.252540111541750,3.276869773864750,3.276869773864750,3.276869773864750,2.8005709648132300,2.8005709648132300,2.8005709648132300,3.134334087371830,3.134334087371830,3.134334087371830,3.1572153568267800,3.1572153568267800,3.1572153568267800,3.03831148147583,3.03831148147583,3.03831148147583,2.478213310241700,2.478213310241700,2.478213310241700,1.259838342666630,1.259838342666630,1.259838342666630
44,3.2924442291259800,3.2924442291259800,3.2924442291259800,3.2760956287384000,3.2760956287384000,3.2760956287384000,2.8129308223724400,2.8129308223724400,2.8129308223724400,3.1472933292388900,3.1472933292388900,3.1472933292388900,3.184319019317630,3.184319019317630,3.184319019317630,3.0244691371917700,3.0244691371917700,3.0244691371917700,2.4916224479675300,2.4916224479675300,2.4916224479675300,1.2575812339782700,1.2575812339782700,1.2575812339782700
45,3.3122637271881100,3.3122637271881100,3.3122637271881100,3.287501811981200,3.287501811981200,3.287501811981200,2.839718818664550,2.839718818664550,2.839718818664550,3.167423725128170,3.167423725128170,3.167423725128170,3.1816768646240200,3.1816768646240200,3.1816768646240200,3.0310184955596900,3.0310184955596900,3.0310184955596900,2.48640513420105,2.48640513420105,2.48640513420105,1.2538636922836300,1.2538636922836300,1.2538636922836300
46,3.313983917236330,3.313983917236330,3.313983917236330,3.312084913253780,3.312084913253780,3.312084913253780,2.8476996421814000,2.8476996421814000,2.8476996421814000,3.1859171390533400,3.1859171390533400,3.1859171390533400,3.2036550045013400,3.2036550045013400,3.2036550045013400,3.0223045349121100,3.0223045349121100,3.0223045349121100,2.4968645572662400,2.4968645572662400,2.4968645572662400,1.2536524534225500,1.2536524534225500,1.2536524534225500
47,3.3539962768554700,3.3539962768554700,3.3539962768554700,3.314586639404300,3.314586639404300,3.314586639404300,2.858875274658200,2.858875274658200,2.858875274658200,3.1784250736236600,3.1784250736236600,3.1784250736236600,3.2299492359161400,3.2299492359161400,3.2299492359161400,3.0458574295043900,3.0458574295043900,3.0458574295043900,2.494966983795170,2.494966983795170,2.494966983795170,1.2578203678131100,1.2578203678131100,1.2578203678131100
48,3.3698134422302200,3.3698134422302200,3.3698134422302200,3.3122947216033900,3.3122947216033900,3.3122947216033900,2.880887508392330,2.880887508392330,2.880887508392330,3.2002358436584500,3.2002358436584500,3.2002358436584500,3.253046989440920,3.253046989440920,3.253046989440920,3.043245792388920,3.043245792388920,3.043245792388920,2.4780797958374000,2.4780797958374000,2.4780797958374000,1.2538105249404900,1.2538105249404900,1.2538105249404900
49,3.3611390590667700,3.3611390590667700,3.3611390590667700,3.3489465713501000,3.3489465713501000,3.3489465713501000,2.9000654220581100,2.9000654220581100,2.9000654220581100,3.201235294342040,3.201235294342040,3.201235294342040,3.256685256958010,3.256685256958010,3.256685256958010,3.038301944732670,3.038301944732670,3.038301944732670,2.4728317260742200,2.4728317260742200,2.4728317260742200,1.2529977560043300,1.2529977560043300,1.2529977560043300
50,3.3669657707214400,3.3669657707214400,3.3669657707214400,3.34309983253479,3.34309983253479,3.34309983253479,2.9211370944976800,2.9211370944976800,2.9211370944976800,3.2249810695648200,3.2249810695648200,3.2249810695648200,3.286792516708370,3.286792516708370,3.286792516708370,3.0280189514160200,3.0280189514160200,3.0280189514160200,2.465601682662960,2.465601682662960,2.465601682662960,1.2494354248046900,1.2494354248046900,1.2494354248046900
51,3.382836103439330,3.382836103439330,3.382836103439330,3.348893404006960,3.348893404006960,3.348893404006960,2.9263131618499800,2.9263131618499800,2.9263131618499800,3.246299982070920,3.246299982070920,3.246299982070920,3.293671131134030,3.293671131134030,3.293671131134030,3.0401694774627700,3.0401694774627700,3.0401694774627700,2.4736196994781500,2.4736196994781500,2.4736196994781500,1.2493613958358800,1.2493613958358800,1.2493613958358800
52,3.392176628112790,3.392176628112790,3.392176628112790,3.3467044830322300,3.3467044830322300,3.3467044830322300,2.9410409927368200,2.9410409927368200,2.9410409927368200,3.2656500339508100,3.2656500339508100,3.2656500339508100,3.33530592918396,3.33530592918396,3.33530592918396,3.0244078636169400,3.0244078636169400,3.0244078636169400,2.4653377532959000,2.4653377532959000,2.4653377532959000,1.2436435222625700,1.2436435222625700,1.2436435222625700
53,3.4001452922821000,3.4001452922821000,3.4001452922821000,3.3548500537872300,3.3548500537872300,3.3548500537872300,2.9583053588867200,2.9583053588867200,2.9583053588867200,3.276305913925170,3.276305913925170,3.276305913925170,3.339522123336790,3.339522123336790,3.339522123336790,3.0345513820648200,3.0345513820648200,3.0345513820648200,2.453880786895750,2.453880786895750,2.453880786895750,1.23809015750885,1.23809015750885,1.23809015750885
54,3.400484323501590,3.400484323501590,3.400484323501590,3.364750623703000,3.364750623703000,3.364750623703000,2.9888923168182400,2.9888923168182400,2.9888923168182400,3.3013203144073500,3.3013203144073500,3.3013203144073500,3.358649969100950,3.358649969100950,3.358649969100950,3.0381410121917700,3.0381410121917700,3.0381410121917700,2.457987070083620,2.457987070083620,2.457987070083620,1.2380788326263400,1.2380788326263400,1.2380788326263400
55,3.415045976638790,3.415045976638790,3.415045976638790,3.3834877014160200,3.3834877014160200,3.3834877014160200,3.012371778488160,3.012371778488160,3.012371778488160,3.323513984680180,3.323513984680180,3.323513984680180,3.372952938079830,3.372952938079830,3.372952938079830,3.0465054512023900,3.0465054512023900,3.0465054512023900,2.4563260078430200,2.4563260078430200,2.4563260078430200,1.2368429899215700,1.2368429899215700,1.2368429899215700
56,3.4411613941192600,3.4411613941192600,3.4411613941192600,3.4048752784729000,3.4048752784729000,3.4048752784729000,3.031841278076170,3.031841278076170,3.031841278076170,3.3248887062072800,3.3248887062072800,3.3248887062072800,3.388183116912840,3.388183116912840,3.388183116912840,3.0292091369628900,3.0292091369628900,3.0292091369628900,2.4498579502105700,2.4498579502105700,2.4498579502105700,1.2368918657302900,1.2368918657302900,1.2368918657302900
57,3.450765609741210,3.450765609741210,3.450765609741210,3.4171791076660200,3.4171791076660200,3.4171791076660200,3.0378565788269000,3.0378565788269000,3.0378565788269000,3.3449888229370100,3.3449888229370100,3.3449888229370100,3.386880874633790,3.386880874633790,3.386880874633790,3.017256736755370,3.017256736755370,3.017256736755370,2.43424391746521,2.43424391746521,2.43424391746521,1.2331236600875900,1.2331236600875900,1.2331236600875900
58,3.4778106212616000,3.4778106212616000,3.4778106212616000,3.427690029144290,3.427690029144290,3.427690029144290,3.063852071762090,3.063852071762090,3.063852071762090,3.3570799827575700,3.3570799827575700,3.3570799827575700,3.3874294757843000,3.3874294757843000,3.3874294757843000,3.0328354835510300,3.0328354835510300,3.0328354835510300,2.4385597705841100,2.4385597705841100,2.4385597705841100,1.2335593700408900,1.2335593700408900,1.2335593700408900
59,3.4903054237365700,3.4903054237365700,3.4903054237365700,3.446659564971920,3.446659564971920,3.446659564971920,3.0648858547210700,3.0648858547210700,3.0648858547210700,3.368335485458370,3.368335485458370,3.368335485458370,3.4048995971679700,3.4048995971679700,3.4048995971679700,3.042039632797240,3.042039632797240,3.042039632797240,2.4269068241119400,2.4269068241119400,2.4269068241119400,1.2344284057617200,1.2344284057617200,1.2344284057617200
60,3.512561082839970,3.512561082839970,3.512561082839970,3.436525821685790,3.436525821685790,3.436525821685790,3.08538556098938,3.08538556098938,3.08538556098938,3.3771097660064700,3.3771097660064700,3.3771097660064700,3.4120278358459500,3.4120278358459500,3.4120278358459500,3.0405972003936800,3.0405972003936800,3.0405972003936800,2.428934097290040,2.428934097290040,2.428934097290040,1.2336405515670800,1.2336405515670800,1.2336405515670800
61,3.517535448074340,3.517535448074340,3.517535448074340,3.462212324142460,3.462212324142460,3.462212324142460,3.1071856021881100,3.1071856021881100,3.1071856021881100,3.3757145404815700,3.3757145404815700,3.3757145404815700,3.402647018432620,3.402647018432620,3.402647018432620,3.0453603267669700,3.0453603267669700,3.0453603267669700,2.442906618118290,2.442906618118290,2.442906618118290,1.2313183546066300,1.2313183546066300,1.2313183546066300
62,3.547150135040280,3.547150135040280,3.547150135040280,3.4588613510131800,3.4588613510131800,3.4588613510131800,3.1202547550201400,3.1202547550201400,3.1202547550201400,3.392927408218380,3.392927408218380,3.392927408218380,3.409313201904300,3.409313201904300,3.409313201904300,3.044482707977300,3.044482707977300,3.044482707977300,2.4401535987854000,2.4401535987854000,2.4401535987854000,1.2340261936187700,1.2340261936187700,1.2340261936187700
63,3.54044246673584,3.54044246673584,3.54044246673584,3.467068672180180,3.467068672180180,3.467068672180180,3.140404462814330,3.140404462814330,3.140404462814330,3.394435405731200,3.394435405731200,3.394435405731200,3.421602249145510,3.421602249145510,3.421602249145510,3.0378987789154100,3.0378987789154100,3.0378987789154100,2.4336555004119900,2.4336555004119900,2.4336555004119900,1.2335821390152000,1.2335821390152000,1.2335821390152000
64,3.5500690937042200,3.5500690937042200,3.5500690937042200,3.474353790283200,3.474353790283200,3.474353790283200,3.1474618911743200,3.1474618911743200,3.1474618911743200,3.3984858989715600,3.3984858989715600,3.3984858989715600,3.423093557357790,3.423093557357790,3.423093557357790,3.042668581008910,3.042668581008910,3.042668581008910,2.3789784908294700,2.3789784908294700,2.3789784908294700,1.230381965637210,1.230381965637210,1.230381965637210
65,3.5695278644561800,3.5695278644561800,3.5695278644561800,3.494046688079830,3.494046688079830,3.494046688079830,3.164426803588870,3.164426803588870,3.164426803588870,3.4181272983551000,3.4181272983551000,3.4181272983551000,3.424098491668700,3.424098491668700,3.424098491668700,3.0355224609375,3.0355224609375,3.0355224609375,2.284299373626710,2.284299373626710,2.284299373626710,1.2302380800247200,1.2302380800247200,1.2302380800247200
66,3.5736896991729700,3.5736896991729700,3.5736896991729700,3.4909300804138200,3.4909300804138200,3.4909300804138200,3.169342517852780,3.169342517852780,3.169342517852780,3.4294753074646000,3.4294753074646000,3.4294753074646000,3.438509225845340,3.438509225845340,3.438509225845340,3.030237913131710,3.030237913131710,3.030237913131710,2.2895731925964400,2.2895731925964400,2.2895731925964400,1.23159921169281,1.23159921169281,1.23159921169281
67,3.5687103271484400,3.5687103271484400,3.5687103271484400,3.490891456604000,3.490891456604000,3.490891456604000,3.188035488128660,3.188035488128660,3.188035488128660,3.432544708251950,3.432544708251950,3.432544708251950,3.4493472576141400,3.4493472576141400,3.4493472576141400,3.037410259246830,3.037410259246830,3.037410259246830,2.322920083999630,2.322920083999630,2.322920083999630,1.2300183773040800,1.2300183773040800,1.2300183773040800
68,3.5883097648620600,3.5883097648620600,3.5883097648620600,3.5016751289367700,3.5016751289367700,3.5016751289367700,3.204711675643920,3.204711675643920,3.204711675643920,3.4485254287719700,3.4485254287719700,3.4485254287719700,3.4455838203430200,3.4455838203430200,3.4455838203430200,3.035114288330080,3.035114288330080,3.035114288330080,2.338709831237790,2.338709831237790,2.338709831237790,1.2334057092666600,1.2334057092666600,1.2334057092666600
69,3.590001106262210,3.590001106262210,3.590001106262210,3.5075771808624300,3.5075771808624300,3.5075771808624300,3.220620632171630,3.220620632171630,3.220620632171630,3.4690282344818100,3.4690282344818100,3.4690282344818100,3.448850393295290,3.448850393295290,3.448850393295290,3.031240940093990,3.031240940093990,3.031240940093990,2.3504648208618200,2.3504648208618200,2.3504648208618200,1.2290964126586900,1.2290964126586900,1.2290964126586900
70,3.599479913711550,3.599479913711550,3.599479913711550,3.5241987705230700,3.5241987705230700,3.5241987705230700,3.234189033508300,3.234189033508300,3.234189033508300,3.4797351360321000,3.4797351360321000,3.4797351360321000,3.4558498859405500,3.4558498859405500,3.4558498859405500,3.037243127822880,3.037243127822880,3.037243127822880,2.3106322288513200,2.3106322288513200,2.3106322288513200,1.231352686882020,1.231352686882020,1.231352686882020
71,3.6103882789611800,3.6103882789611800,3.6103882789611800,3.5275259017944300,3.5275259017944300,3.5275259017944300,3.24672269821167,3.24672269821167,3.24672269821167,3.492555856704710,3.492555856704710,3.492555856704710,3.466491460800170,3.466491460800170,3.466491460800170,3.034972906112670,3.034972906112670,3.034972906112670,2.33455491065979,2.33455491065979,2.33455491065979,1.229227066040040,1.229227066040040,1.229227066040040
72,3.6165294647216800,3.6165294647216800,3.6165294647216800,3.536341905593870,3.536341905593870,3.536341905593870,3.261904001235960,3.261904001235960,3.261904001235960,3.498847723007200,3.498847723007200,3.498847723007200,3.4645285606384300,3.4645285606384300,3.4645285606384300,3.0307233333587600,3.0307233333587600,3.0307233333587600,2.349388599395750,2.349388599395750,2.349388599395750,1.2302852869033800,1.2302852869033800,1.2302852869033800
73,3.6275696754455600,3.6275696754455600,3.6275696754455600,3.54408597946167,3.54408597946167,3.54408597946167,3.277435779571530,3.277435779571530,3.277435779571530,3.504713296890260,3.504713296890260,3.504713296890260,3.472005605697630,3.472005605697630,3.472005605697630,3.0297937393188500,3.0297937393188500,3.0297937393188500,2.3594212532043500,2.3594212532043500,2.3594212532043500,1.2286176681518600,1.2286176681518600,1.2286176681518600
74,3.63393235206604,3.63393235206604,3.63393235206604,3.53810715675354,3.53810715675354,3.53810715675354,3.287395477294920,3.287395477294920,3.287395477294920,3.5097408294677700,3.5097408294677700,3.5097408294677700,3.4777705669403100,3.4777705669403100,3.4777705669403100,3.031447410583500,3.031447410583500,3.031447410583500,2.364772081375120,2.364772081375120,2.364772081375120,1.226432204246520,1.226432204246520,1.226432204246520
75,3.6431312561035200,3.6431312561035200,3.6431312561035200,3.542675256729130,3.542675256729130,3.542675256729130,3.29683780670166,3.29683780670166,3.29683780670166,3.526859760284420,3.526859760284420,3.526859760284420,3.4775495529174800,3.4775495529174800,3.4775495529174800,3.036454439163210,3.036454439163210,3.036454439163210,2.358959913253780,2.358959913253780,2.358959913253780,1.2250431776046800,1.2250431776046800,1.2250431776046800
76,3.6576199531555200,3.6576199531555200,3.6576199531555200,3.55415415763855,3.55415415763855,3.55415415763855,3.310296058654790,3.310296058654790,3.310296058654790,3.5303523540496800,3.5303523540496800,3.5303523540496800,3.479114055633550,3.479114055633550,3.479114055633550,3.012023448944090,3.012023448944090,3.012023448944090,2.363449811935430,2.363449811935430,2.363449811935430,1.222501277923580,1.222501277923580,1.222501277923580
77,3.6581976413726800,3.6581976413726800,3.6581976413726800,3.5655605792999300,3.5655605792999300,3.5655605792999300,3.3198821544647200,3.3198821544647200,3.3198821544647200,3.545360565185550,3.545360565185550,3.545360565185550,3.4816970825195300,3.4816970825195300,3.4816970825195300,3.0192978382110600,3.0192978382110600,3.0192978382110600,2.3625073432922400,2.3625073432922400,2.3625073432922400,1.2228842973709100,1.2228842973709100,1.2228842973709100
78,3.6654767990112300,3.6654767990112300,3.6654767990112300,3.5750157833099400,3.5750157833099400,3.5750157833099400,3.3247106075286900,3.3247106075286900,3.3247106075286900,3.5543699264526400,3.5543699264526400,3.5543699264526400,3.484375238418580,3.484375238418580,3.484375238418580,3.0271570682525600,3.0271570682525600,3.0271570682525600,2.3617067337036100,2.3617067337036100,2.3617067337036100,1.2206772565841700,1.2206772565841700,1.2206772565841700
79,3.6709883213043200,3.6709883213043200,3.6709883213043200,3.580629348754880,3.580629348754880,3.580629348754880,3.3350508213043200,3.3350508213043200,3.3350508213043200,3.5686426162719700,3.5686426162719700,3.5686426162719700,3.4964852333068800,3.4964852333068800,3.4964852333068800,3.022189140319820,3.022189140319820,3.022189140319820,2.3587050437927200,2.3587050437927200,2.3587050437927200,1.2174752950668300,1.2174752950668300,1.2174752950668300
80,3.6797900199890100,3.6797900199890100,3.6797900199890100,3.5933172702789300,3.5933172702789300,3.5933172702789300,3.3498523235321000,3.3498523235321000,3.3498523235321000,3.582301139831540,3.582301139831540,3.582301139831540,3.493992567062380,3.493992567062380,3.493992567062380,3.0190839767456100,3.0190839767456100,3.0190839767456100,2.3618149757385300,2.3618149757385300,2.3618149757385300,1.2176783084869400,1.2176783084869400,1.2176783084869400
81,3.6826210021972700,3.6826210021972700,3.6826210021972700,3.5995538234710700,3.5995538234710700,3.5995538234710700,3.36582612991333,3.36582612991333,3.36582612991333,3.590761423110960,3.590761423110960,3.590761423110960,3.4990906715393100,3.4990906715393100,3.4990906715393100,3.0220346450805700,3.0220346450805700,3.0220346450805700,2.358192205429080,2.358192205429080,2.358192205429080,1.2190321683883700,1.2190321683883700,1.2190321683883700
82,3.693925142288210,3.693925142288210,3.693925142288210,3.6053738594055200,3.6053738594055200,3.6053738594055200,3.371551752090450,3.371551752090450,3.371551752090450,3.5995185375213600,3.5995185375213600,3.5995185375213600,3.506255626678470,3.506255626678470,3.506255626678470,3.0267183780670200,3.0267183780670200,3.0267183780670200,2.360875368118290,2.360875368118290,2.360875368118290,1.216269850730900,1.216269850730900,1.216269850730900
83,3.6998119354248000,3.6998119354248000,3.6998119354248000,3.6058826446533200,3.6058826446533200,3.6058826446533200,3.3777401447296100,3.3777401447296100,3.3777401447296100,3.6043121814727800,3.6043121814727800,3.6043121814727800,3.5071258544921900,3.5071258544921900,3.5071258544921900,3.0316781997680700,3.0316781997680700,3.0316781997680700,2.361203670501710,2.361203670501710,2.361203670501710,1.2170711755752600,1.2170711755752600,1.2170711755752600
84,3.7003250122070300,3.7003250122070300,3.7003250122070300,3.607882499694820,3.607882499694820,3.607882499694820,3.389939308166500,3.389939308166500,3.389939308166500,3.6088647842407200,3.6088647842407200,3.6088647842407200,3.509568929672240,3.509568929672240,3.509568929672240,3.02915096282959,3.02915096282959,3.02915096282959,2.355177879333500,2.355177879333500,2.355177879333500,1.215718388557430,1.215718388557430,1.215718388557430
85,3.7068817615509000,3.7068817615509000,3.7068817615509000,3.6117379665374800,3.6117379665374800,3.6117379665374800,3.3969345092773400,3.3969345092773400,3.3969345092773400,3.6115105152130100,3.6115105152130100,3.6115105152130100,3.5111052989959700,3.5111052989959700,3.5111052989959700,3.031602621078490,3.031602621078490,3.031602621078490,2.357221841812130,2.357221841812130,2.357221841812130,1.2139276266098000,1.2139276266098000,1.2139276266098000
86,3.715764045715330,3.715764045715330,3.715764045715330,3.6093051433563200,3.6093051433563200,3.6093051433563200,3.4014079570770300,3.4014079570770300,3.4014079570770300,3.617781639099120,3.617781639099120,3.617781639099120,3.51347279548645,3.51347279548645,3.51347279548645,3.036675453186040,3.036675453186040,3.036675453186040,2.354578733444210,2.354578733444210,2.354578733444210,1.2134755849838300,1.2134755849838300,1.2134755849838300
87,3.7208240032196000,3.7208240032196000,3.7208240032196000,3.6077418327331500,3.6077418327331500,3.6077418327331500,3.411094903945920,3.411094903945920,3.411094903945920,3.619551181793210,3.619551181793210,3.619551181793210,3.524890899658200,3.524890899658200,3.524890899658200,3.038663625717160,3.038663625717160,3.038663625717160,2.3576762676239000,2.3576762676239000,2.3576762676239000,1.2128294706344600,1.2128294706344600,1.2128294706344600
88,3.7240617275238000,3.7240617275238000,3.7240617275238000,3.6109185218811000,3.6109185218811000,3.6109185218811000,3.416414737701420,3.416414737701420,3.416414737701420,3.6214206218719500,3.6214206218719500,3.6214206218719500,3.5281856060028100,3.5281856060028100,3.5281856060028100,3.037811756134030,3.037811756134030,3.037811756134030,2.358945608139040,2.358945608139040,2.358945608139040,1.2127032279968300,1.2127032279968300,1.2127032279968300
89,3.726996660232540,3.726996660232540,3.726996660232540,3.6064765453338600,3.6064765453338600,3.6064765453338600,3.4188807010650600,3.4188807010650600,3.4188807010650600,3.6265482902526900,3.6265482902526900,3.6265482902526900,3.5332443714141800,3.5332443714141800,3.5332443714141800,3.0375864505767800,3.0375864505767800,3.0375864505767800,2.357231616973880,2.357231616973880,2.357231616973880,1.2120476961135900,1.2120476961135900,1.2120476961135900
90,3.733792781829830,3.733792781829830,3.733792781829830,3.607562780380250,3.607562780380250,3.607562780380250,3.4251532554626500,3.4251532554626500,3.4251532554626500,3.634450912475590,3.634450912475590,3.634450912475590,3.538341760635380,3.538341760635380,3.538341760635380,3.040905475616460,3.040905475616460,3.040905475616460,2.356201410293580,2.356201410293580,2.356201410293580,1.211246132850650,1.211246132850650,1.211246132850650
91,3.737778902053830,3.737778902053830,3.737778902053830,3.610503673553470,3.610503673553470,3.610503673553470,3.428276300430300,3.428276300430300,3.428276300430300,3.6375668048858600,3.6375668048858600,3.6375668048858600,3.536280870437620,3.536280870437620,3.536280870437620,3.0435352325439500,3.0435352325439500,3.0435352325439500,2.355320692062380,2.355320692062380,2.355320692062380,1.2127000093460100,1.2127000093460100,1.2127000093460100
92,3.7386739253997800,3.7386739253997800,3.7386739253997800,3.611907958984380,3.611907958984380,3.611907958984380,3.433612823486330,3.433612823486330,3.433612823486330,3.6436843872070300,3.6436843872070300,3.6436843872070300,3.5387182235717800,3.5387182235717800,3.5387182235717800,3.040820598602300,3.040820598602300,3.040820598602300,2.35113787651062,2.35113787651062,2.35113787651062,1.211195468902590,1.211195468902590,1.211195468902590
93,3.746037244796750,3.746037244796750,3.746037244796750,3.6128993034362800,3.6128993034362800,3.6128993034362800,3.4352731704711900,3.4352731704711900,3.4352731704711900,3.648932695388790,3.648932695388790,3.648932695388790,3.538217782974240,3.538217782974240,3.538217782974240,3.042969226837160,3.042969226837160,3.042969226837160,2.3526535034179700,2.3526535034179700,2.3526535034179700,1.2118613719940200,1.2118613719940200,1.2118613719940200
94,3.749113082885740,3.749113082885740,3.749113082885740,3.621135950088500,3.621135950088500,3.621135950088500,3.4408600330352800,3.4408600330352800,3.4408600330352800,3.653109073638920,3.653109073638920,3.653109073638920,3.539422035217290,3.539422035217290,3.539422035217290,3.0421814918518100,3.0421814918518100,3.0421814918518100,2.354065418243410,2.354065418243410,2.354065418243410,1.2109835147857700,1.2109835147857700,1.2109835147857700
95,3.750239849090580,3.750239849090580,3.750239849090580,3.623030662536620,3.623030662536620,3.623030662536620,3.4435875415802,3.4435875415802,3.4435875415802,3.6566004753112800,3.6566004753112800,3.6566004753112800,3.540374517440800,3.540374517440800,3.540374517440800,3.042843818664550,3.042843818664550,3.042843818664550,2.3546042442321800,2.3546042442321800,2.3546042442321800,1.2105342149734500,1.2105342149734500,1.2105342149734500
96,3.7515523433685300,3.7515523433685300,3.7515523433685300,3.6267712116241500,3.6267712116241500,3.6267712116241500,3.448768138885500,3.448768138885500,3.448768138885500,3.6615350246429400,3.6615350246429400,3.6615350246429400,3.5417234897613500,3.5417234897613500,3.5417234897613500,3.044349431991580,3.044349431991580,3.044349431991580,2.3495280742645300,2.3495280742645300,2.3495280742645300,1.2103078365325900,1.2103078365325900,1.2103078365325900
97,3.754579544067380,3.754579544067380,3.754579544067380,3.6296379566192600,3.6296379566192600,3.6296379566192600,3.4521396160125700,3.4521396160125700,3.4521396160125700,3.664755344390870,3.664755344390870,3.664755344390870,3.544471502304080,3.544471502304080,3.544471502304080,3.046175956726070,3.046175956726070,3.046175956726070,2.3514041900634800,2.3514041900634800,2.3514041900634800,1.2101960182189900,1.2101960182189900,1.2101960182189900
98,3.7553253173828100,3.7553253173828100,3.7553253173828100,3.629852294921880,3.629852294921880,3.629852294921880,3.4552860260009800,3.4552860260009800,3.4552860260009800,3.667832136154180,3.667832136154180,3.667832136154180,3.543275833129880,3.543275833129880,3.543275833129880,3.048053741455080,3.048053741455080,3.048053741455080,2.3499436378479000,2.3499436378479000,2.3499436378479000,1.2099627256393400,1.2099627256393400,1.2099627256393400
99,3.7551958560943600,3.7551958560943600,3.7551958560943600,3.6309213638305700,3.6309213638305700,3.6309213638305700,3.4577550888061500,3.4577550888061500,3.4577550888061500,3.6689672470092800,3.6689672470092800,3.6689672470092800,3.546363592147830,3.546363592147830,3.546363592147830,3.0489137172699000,3.0489137172699000,3.0489137172699000,2.349691867828370,2.349691867828370,2.349691867828370,1.2093563079834000,1.2093563079834000,1.2093563079834000
100,3.755971908569340,3.755971908569340,3.755971908569340,3.631974935531620,3.631974935531620,3.631974935531620,3.4595298767089800,3.4595298767089800,3.4595298767089800,3.6707727909088100,3.6707727909088100,3.6707727909088100,3.5483477115631100,3.5483477115631100,3.5483477115631100,3.0495307445526100,3.0495307445526100,3.0495307445526100,2.3485605716705300,2.3485605716705300,2.3485605716705300,1.2095409631729100,1.2095409631729100,1.2095409631729100
101,3.7590198516845700,3.7590198516845700,3.7590198516845700,3.6341874599456800,3.6341874599456800,3.6341874599456800,3.4597256183624300,3.4597256183624300,3.4597256183624300,3.6738436222076400,3.6738436222076400,3.6738436222076400,3.5492782592773400,3.5492782592773400,3.5492782592773400,3.0513038635253900,3.0513038635253900,3.0513038635253900,2.347601890563970,2.347601890563970,2.347601890563970,1.2094817161560100,1.2094817161560100,1.2094817161560100
102,3.759650707244870,3.759650707244870,3.759650707244870,3.636775016784670,3.636775016784670,3.636775016784670,3.4622883796691900,3.4622883796691900,3.4622883796691900,3.674811840057370,3.674811840057370,3.674811840057370,3.5499155521392800,3.5499155521392800,3.5499155521392800,3.051154851913450,3.051154851913450,3.051154851913450,2.3476710319519000,2.3476710319519000,2.3476710319519000,1.209276795387270,1.209276795387270,1.209276795387270
103,3.7612075805664100,3.7612075805664100,3.7612075805664100,3.6394600868225100,3.6394600868225100,3.6394600868225100,3.463765859603880,3.463765859603880,3.463765859603880,3.677309274673460,3.677309274673460,3.677309274673460,3.5504114627838100,3.5504114627838100,3.5504114627838100,3.0517001152038600,3.0517001152038600,3.0517001152038600,2.3486592769622800,2.3486592769622800,2.3486592769622800,1.2100077867507900,1.2100077867507900,1.2100077867507900
104,3.7626640796661400,3.7626640796661400,3.7626640796661400,3.641092300415040,3.641092300415040,3.641092300415040,3.4648597240448,3.4648597240448,3.4648597240448,3.68070387840271,3.68070387840271,3.68070387840271,3.5515029430389400,3.5515029430389400,3.5515029430389400,3.053952932357790,3.053952932357790,3.053952932357790,2.3493213653564500,2.3493213653564500,2.3493213653564500,1.2096741199493400,1.2096741199493400,1.2096741199493400
105,3.7630553245544400,3.7630553245544400,3.7630553245544400,3.642301321029660,3.642301321029660,3.642301321029660,3.465653419494630,3.465653419494630,3.465653419494630,3.6807267665863000,3.6807267665863000,3.6807267665863000,3.552014112472530,3.552014112472530,3.552014112472530,3.0542473793029800,3.0542473793029800,3.0542473793029800,2.348612070083620,2.348612070083620,2.348612070083620,1.2095762491226200,1.2095762491226200,1.2095762491226200
106,3.7633821964263900,3.7633821964263900,3.7633821964263900,3.6425747871398900,3.6425747871398900,3.6425747871398900,3.4680116176605200,3.4680116176605200,3.4680116176605200,3.681666135787960,3.681666135787960,3.681666135787960,3.5527284145355200,3.5527284145355200,3.5527284145355200,3.0551154613494900,3.0551154613494900,3.0551154613494900,2.3482871055603000,2.3482871055603000,2.3482871055603000,1.2095394134521500,1.2095394134521500,1.2095394134521500
107,3.764512300491330,3.764512300491330,3.764512300491330,3.6436996459960900,3.6436996459960900,3.6436996459960900,3.4692397117614700,3.4692397117614700,3.4692397117614700,3.6836884021759000,3.6836884021759000,3.6836884021759000,3.554098129272460,3.554098129272460,3.554098129272460,3.0555665493011500,3.0555665493011500,3.0555665493011500,2.3490190505981400,2.3490190505981400,2.3490190505981400,1.2095990180969200,1.2095990180969200,1.2095990180969200
108,3.7647392749786400,3.7647392749786400,3.7647392749786400,3.6444289684295700,3.6444289684295700,3.6444289684295700,3.4703431129455600,3.4703431129455600,3.4703431129455600,3.684859275817870,3.684859275817870,3.684859275817870,3.5548202991485600,3.5548202991485600,3.5548202991485600,3.056239128112790,3.056239128112790,3.056239128112790,2.3477234840393100,2.3477234840393100,2.3477234840393100,1.209612488746640,1.209612488746640,1.209612488746640
109,3.765535831451420,3.765535831451420,3.765535831451420,3.645094394683840,3.645094394683840,3.645094394683840,3.4714150428772000,3.4714150428772000,3.4714150428772000,3.687039613723760,3.687039613723760,3.687039613723760,3.5558173656463600,3.5558173656463600,3.5558173656463600,3.0560154914856000,3.0560154914856000,3.0560154914856000,2.3486788272857700,2.3486788272857700,2.3486788272857700,1.2096811532974200,1.2096811532974200,1.2096811532974200
110,3.765787124633790,3.765787124633790,3.765787124633790,3.6458637714386000,3.6458637714386000,3.6458637714386000,3.4716811180114700,3.4716811180114700,3.4716811180114700,3.686917543411260,3.686917543411260,3.686917543411260,3.5565261840820300,3.5565261840820300,3.5565261840820300,3.055788040161130,3.055788040161130,3.055788040161130,2.3491103649139400,2.3491103649139400,2.3491103649139400,1.2097570896148700,1.2097570896148700,1.2097570896148700
111,3.7662274837493900,3.7662274837493900,3.7662274837493900,3.6456046104431200,3.6456046104431200,3.6456046104431200,3.472541093826290,3.472541093826290,3.472541093826290,3.6873507499694800,3.6873507499694800,3.6873507499694800,3.5564663410186800,3.5564663410186800,3.5564663410186800,3.0560641288757300,3.0560641288757300,3.0560641288757300,2.3490781784057600,2.3490781784057600,2.3490781784057600,1.2097842693328900,1.2097842693328900,1.2097842693328900
112,3.7667036056518600,3.7667036056518600,3.7667036056518600,3.646003007888790,3.646003007888790,3.646003007888790,3.4733142852783200,3.4733142852783200,3.4733142852783200,3.6880781650543200,3.6880781650543200,3.6880781650543200,3.5568158626556400,3.5568158626556400,3.5568158626556400,3.056151866912840,3.056151866912840,3.056151866912840,2.3486690521240200,2.3486690521240200,2.3486690521240200,1.2097123861312900,1.2097123861312900,1.2097123861312900
113,3.7668957710266100,3.7668957710266100,3.7668957710266100,3.6459546089172400,3.6459546089172400,3.6459546089172400,3.4736247062683100,3.4736247062683100,3.4736247062683100,3.6884310245513900,3.6884310245513900,3.6884310245513900,3.556903839111330,3.556903839111330,3.556903839111330,3.0562548637390100,3.0562548637390100,3.0562548637390100,2.348607301712040,2.348607301712040,2.348607301712040,1.2098181247711200,1.2098181247711200,1.2098181247711200
114,3.7673182487487800,3.7673182487487800,3.7673182487487800,3.6465115547180200,3.6465115547180200,3.6465115547180200,3.4740841388702400,3.4740841388702400,3.4740841388702400,3.688645839691160,3.688645839691160,3.688645839691160,3.5570566654205300,3.5570566654205300,3.5570566654205300,3.0565106868743900,3.0565106868743900,3.0565106868743900,2.348505735397340,2.348505735397340,2.348505735397340,1.2098383903503400,1.2098383903503400,1.2098383903503400
115,3.767381191253660,3.767381191253660,3.767381191253660,3.646599054336550,3.646599054336550,3.646599054336550,3.4743082523345900,3.4743082523345900,3.4743082523345900,3.6887149810791000,3.6887149810791000,3.6887149810791000,3.5573251247406000,3.5573251247406000,3.5573251247406000,3.0568625926971400,3.0568625926971400,3.0568625926971400,2.3486359119415300,2.3486359119415300,2.3486359119415300,1.2098430395126300,1.2098430395126300,1.2098430395126300
116,3.767526388168340,3.767526388168340,3.767526388168340,3.6467814445495600,3.6467814445495600,3.6467814445495600,3.4744136333465600,3.4744136333465600,3.4744136333465600,3.6889586448669400,3.6889586448669400,3.6889586448669400,3.557429790496830,3.557429790496830,3.557429790496830,3.056969165802000,3.056969165802000,3.056969165802000,2.348629951477050,2.348629951477050,2.348629951477050,1.2098594903945900,1.2098594903945900,1.2098594903945900
117,3.7675137519836400,3.7675137519836400,3.7675137519836400,3.6468346118927,3.6468346118927,3.6468346118927,3.474607467651370,3.474607467651370,3.474607467651370,3.689039707183840,3.689039707183840,3.689039707183840,3.557507276535030,3.557507276535030,3.557507276535030,3.056905508041380,3.056905508041380,3.056905508041380,2.348663806915280,2.348663806915280,2.348663806915280,1.209903359413150,1.209903359413150,1.209903359413150
118,3.7676446437835700,3.7676446437835700,3.7676446437835700,3.646921157836910,3.646921157836910,3.646921157836910,3.474714994430540,3.474714994430540,3.474714994430540,3.6891634464263900,3.6891634464263900,3.6891634464263900,3.557565212249760,3.557565212249760,3.557565212249760,3.0570614337921100,3.0570614337921100,3.0570614337921100,2.348682165145870,2.348682165145870,2.348682165145870,1.209923267364500,1.209923267364500,1.209923267364500
119,3.767660140991210,3.767660140991210,3.767660140991210,3.646977663040160,3.646977663040160,3.646977663040160,3.474785327911380,3.474785327911380,3.474785327911380,3.6892342567443800,3.6892342567443800,3.6892342567443800,3.5576159954071000,3.5576159954071000,3.5576159954071000,3.0571281909942600,3.0571281909942600,3.0571281909942600,2.3486573696136500,2.3486573696136500,2.3486573696136500,1.2099242210388200,1.2099242210388200,1.2099242210388200
120,3.7677054405212400,3.7677054405212400,3.7677054405212400,3.6470203399658200,3.6470203399658200,3.6470203399658200,3.474811553955080,3.474811553955080,3.474811553955080,3.689268112182620,3.689268112182620,3.689268112182620,3.5576517581939700,3.5576517581939700,3.5576517581939700,3.0571556091308600,3.0571556091308600,3.0571556091308600,2.3486599922180200,2.3486599922180200,2.3486599922180200,1.209934115409850,1.209934115409850,1.209934115409850